{"cameraMode":{"drawMode":0,"name":"Shaded","section":"Shading Mode"},"sceneLighting":false,"audioPlay":false,"sceneViewState":{"m_AlwaysRefresh":false,"showFog":true,"showSkybox":false,"showFlares":true,"showImageEffects":true,"showParticleSystems":true,"showVisualEffectGraphs":true,"m_FxEnabled":true},"in2DMode":false,"pivot":{"x":0.00860088411718607,"y":0.0290133748203516,"z":0.04186299070715904},"rotation":{"x":-0.14818519353866578,"y":0.03173679858446121,"z":-0.004759250674396753,"w":-0.9884418845176697},"size":0.11405694484710694,"orthographic":false}